Year,Jan,Feb,Mar,Apr,May,Jun,Jul,Aug,Sep,Oct,Nov,Dec,Age,Sex,Race
1948,8.5,10.0,10.5,9.5,7.0,9.3,9.7,9.6,8.8,8.5,9.1,8.5,16 to 19 years,All,All
1949,10.0,10.6,11.9,13.2,13.4,13.8,14.3,15.0,14.6,15.8,14.0,15.4,16 to 19 years,All,All
1950,15.2,15.2,14.3,12.0,13.3,12.2,11.2,10.7,10.9,10.3,9.5,11.1,16 to 19 years,All,All
1951,8.5,8.1,8.3,7.9,6.7,8.3,8.7,8.2,8.3,7.7,9.5,7.6,16 to 19 years,All,All
1952,9.3,8.3,8.2,7.6,8.9,8.4,8.8,8.5,8.9,8.4,8.2,7.6,16 to 19 years,All,All
1953,6.9,6.7,6.7,7.1,6.4,6.9,7.3,7.4,7.3,9.7,8.6,11.8,16 to 19 years,All,All
1954,12.1,13.5,13.0,13.6,13.4,10.5,12.9,14.0,14.0,12.2,11.4,12.6,16 to 19 years,All,All
1955,11.7,11.3,11.0,10.7,10.9,10.8,10.4,11.5,11.3,11.0,11.7,11.0,16 to 19 years,All,All
1956,10.6,11.4,11.5,10.9,11.9,12.2,11.2,10.1,9.8,10.1,12.6,9.7,16 to 19 years,All,All
1957,11.6,10.5,11.2,11.1,11.4,11.7,11.8,11.5,11.0,10.9,13.4,13.1,16 to 19 years,All,All
1958,14.4,14.6,14.7,17.2,16.3,15.4,17.9,16.0,17.9,16.0,15.9,14.9,16 to 19 years,All,All
1959,14.0,12.9,13.6,15.0,14.3,13.9,14.5,16.1,14.9,15.8,15.1,15.3,16 to 19 years,All,All
1960,14.6,13.1,15.6,14.2,13.9,14.6,13.9,15.3,14.5,16.1,14.7,16.4,16 to 19 years,All,All
1961,17.1,17.4,17.1,16.4,15.8,16.6,17.3,17.1,18.0,16.9,16.0,15.3,16 to 19 years,All,All
1962,16.2,16.0,15.1,15.1,14.2,13.6,13.9,14.1,14.5,14.3,16.3,14.4,16 to 19 years,All,All
1963,15.8,17.7,17.1,16.8,18.7,17.2,18.1,16.1,17.4,17.1,17.7,16.3,16 to 19 years,All,All
1964,16.7,15.8,16.3,17.0,16.4,16.8,14.7,16.7,15.7,15.8,15.6,17.1,16 to 19 years,All,All
1965,16.8,16.7,15.8,16.2,14.8,15.3,14.5,13.9,14.7,14.5,13.0,13.3,16 to 19 years,All,All
1966,13.0,12.4,13.1,13.0,13.6,13.0,12.9,12.4,12.8,12.6,11.8,12.1,16 to 19 years,All,All
1967,11.9,12.9,11.6,12.1,12.8,12.9,13.0,13.4,12.9,13.7,13.8,13.0,16 to 19 years,All,All
1968,12.0,12.9,12.7,11.8,12.5,13.9,13.8,12.0,12.0,11.8,12.2,12.7,16 to 19 years,All,All
1969,12.0,11.9,12.3,12.0,12.4,12.2,12.8,12.2,12.6,12.6,11.6,11.8,16 to 19 years,All,All
1970,13.5,13.3,13.4,14.7,14.2,16.3,14.7,15.7,16.2,16.7,17.4,17.1,16 to 19 years,All,All
1971,16.8,16.3,16.9,16.3,16.8,17.7,17.7,16.8,16.7,16.9,16.9,16.9,16 to 19 years,All,All
1972,16.9,18.0,17.2,16.5,15.3,15.9,15.6,16.5,16.3,15.8,15.7,15.6,16 to 19 years,All,All
1973,13.7,15.3,14.3,15.5,14.9,13.8,14.3,14.0,14.7,14.4,15.0,14.6,16 to 19 years,All,All
1974,14.6,14.9,14.9,14.3,15.4,16.3,16.8,14.9,17.0,17.2,17.8,18.2,16 to 19 years,All,All
1975,19.5,19.4,19.9,19.9,20.4,20.9,20.7,20.7,19.5,19.8,19.0,19.8,16 to 19 years,All,All
1976,19.6,19.0,18.9,19.5,18.6,18.5,18.3,19.6,18.6,19.0,19.2,19.1,16 to 19 years,All,All
1977,18.9,18.4,18.6,18.0,17.8,18.8,17.5,17.4,18.0,17.2,17.2,15.5,16 to 19 years,All,All
1978,16.7,17.2,17.3,16.6,16.0,15.4,16.5,15.7,16.4,16.1,16.3,16.7,16 to 19 years,All,All
1979,16.1,16.1,15.9,16.3,16.1,15.7,15.6,16.5,16.5,16.5,15.9,16.2,16 to 19 years,All,All
1980,16.5,16.6,16.3,16.2,18.6,18.9,19.1,18.9,18.0,18.4,18.5,17.6,16 to 19 years,All,All
1981,19.1,19.3,19.2,18.8,19.1,19.8,18.6,18.8,19.7,20.3,21.3,21.1,16 to 19 years,All,All
1982,22.0,22.6,21.8,22.8,22.8,22.9,24.0,23.7,23.6,23.7,24.1,24.1,16 to 19 years,All,All
1983,23.1,22.8,23.5,23.4,22.8,24.0,22.8,22.9,21.7,21.4,20.2,19.9,16 to 19 years,All,All
1984,19.5,19.4,19.8,19.2,18.7,18.2,18.8,18.7,19.2,18.6,17.7,18.8,16 to 19 years,All,All
1985,18.8,18.3,18.2,17.5,18.5,18.5,20.2,17.9,17.9,20.0,18.3,19.1,16 to 19 years,All,All
1986,18.1,18.8,18.2,19.2,18.6,19.2,18.4,18.0,18.4,17.7,18.1,17.5,16 to 19 years,All,All
1987,17.7,18.0,17.9,17.3,17.4,16.5,15.8,15.9,16.2,17.3,16.6,16.0,16 to 19 years,All,All
1988,16.1,15.6,16.6,16.0,15.3,14.2,14.8,15.4,15.5,15.1,13.9,14.8,16 to 19 years,All,All
1989,16.4,15.0,13.9,14.6,14.8,15.7,14.2,14.6,15.2,15.0,15.5,15.3,16 to 19 years,All,All
1990,14.8,15.0,14.3,14.7,15.0,14.3,15.0,16.3,16.4,16.5,17.1,17.4,16 to 19 years,All,All
1991,18.6,17.4,18.3,17.8,18.8,18.5,19.4,18.9,18.8,19.1,19.0,20.3,16 to 19 years,All,All
1992,19.2,20.1,20.3,18.5,20.1,23.0,20.8,19.9,21.0,18.3,20.5,19.8,16 to 19 years,All,All
1993,19.9,19.7,19.7,19.5,19.8,19.9,18.4,18.4,18.2,18.7,18.5,17.9,16 to 19 years,All,All
1994,18.3,18.0,18.0,19.1,18.0,17.6,17.6,17.3,17.5,17.5,15.6,17.0,16 to 19 years,All,All
1995,16.5,17.4,16.1,17.5,17.5,17.1,18.2,17.3,17.6,17.4,17.5,18.0,16 to 19 years,All,All
1996,17.7,16.8,17.1,17.1,16.8,16.2,17.1,16.8,15.6,16.3,16.8,16.6,16 to 19 years,All,All
1997,16.8,17.1,16.4,15.9,16.0,16.8,17.1,16.1,16.1,15.1,14.8,14.0,16 to 19 years,All,All
1998,13.9,14.5,14.8,13.5,14.8,14.9,14.6,14.7,15.0,15.7,14.7,13.5,16 to 19 years,All,All
1999,15.2,13.9,14.2,14.2,13.3,13.9,13.4,13.3,14.8,13.8,13.9,13.4,16 to 19 years,All,All
2000,12.7,13.8,13.3,12.6,12.8,12.3,13.4,14.0,13.0,12.8,13.0,13.2,16 to 19 years,All,All
2001,13.8,13.7,13.8,13.9,13.4,14.2,14.4,15.6,15.2,16.0,15.9,17.0,16 to 19 years,All,All
2002,16.5,16.0,16.6,16.7,16.6,16.7,16.8,17.0,16.3,15.1,17.1,16.9,16 to 19 years,All,All
2003,17.2,17.2,17.8,17.7,17.9,19.0,18.2,16.6,17.6,17.2,15.7,16.2,16 to 19 years,All,All
2004,17.0,16.5,16.8,16.6,17.1,17.0,17.8,16.7,16.6,17.4,16.4,17.6,16 to 19 years,All,All
2005,16.2,17.5,17.1,17.8,17.8,16.3,16.1,16.1,15.5,16.1,17.0,14.9,16 to 19 years,All,All
2006,15.1,15.3,16.1,14.6,14.0,15.8,15.9,16.0,16.3,15.2,14.8,14.6,16 to 19 years,All,All
2007,14.8,14.9,14.9,15.9,15.9,16.3,15.3,15.9,15.9,15.4,16.2,16.8,16 to 19 years,All,All
2008,17.8,16.6,16.1,15.9,19.0,19.2,20.7,18.6,19.1,20.0,20.3,20.5,16 to 19 years,All,All
2009,20.7,22.3,22.2,22.2,23.4,24.7,24.3,25.0,25.9,27.2,26.9,26.7,16 to 19 years,All,All
2010,26.1,25.6,26.2,25.4,26.5,25.9,25.9,25.5,25.8,27.2,24.8,25.3,16 to 19 years,All,All
2011,25.7,24.1,24.4,24.7,23.9,24.5,24.7,25.0,24.4,24.2,24.2,23.3,16 to 19 years,All,All
2012,23.6,23.8,25.0,25.0,24.3,23.2,23.6,24.3,23.7,23.9,24.0,24.1,16 to 19 years,All,All
2013,23.7,25.2,24.2,24.3,24.3,23.0,23.3,22.5,21.2,22.3,20.9,20.4,16 to 19 years,All,All
2014,20.7,21.4,20.9,19.3,19.3,20.3,20.2,19.3,19.9,18.8,17.5,16.8,16 to 19 years,All,All
2015,18.9,17.0,17.6,17.1,17.8,17.9,16.3,16.8,16.2,15.8,15.6,16.1,16 to 19 years,All,All
2016,16.0,15.6,15.9,16.0,16.0,16.0,15.6,15.7,15.8,15.6,15.2,,16 to 19 years,All,All
1948,3.0,3.1,3.3,3.4,3.2,3.0,2.9,3.2,3.3,3.3,3.3,3.5,20 years and over,Men,All
1949,3.8,4.2,4.6,4.7,5.5,5.7,6.2,6.2,6.0,7.9,6.0,5.9,20 years and over,Men,All
1950,5.7,5.6,5.7,5.4,4.9,4.6,4.4,3.9,3.8,3.5,3.4,3.5,20 years and over,Men,All
1951,3.0,2.7,2.5,2.2,2.2,2.5,2.4,2.5,2.5,2.8,2.7,2.4,20 years and over,Men,All
1952,2.5,2.4,2.3,2.3,2.2,2.5,2.7,2.9,2.6,2.3,2.2,2.1,20 years and over,Men,All
1953,2.6,2.2,2.0,2.4,2.3,2.1,2.2,2.2,2.4,2.5,3.1,3.8,20 years and over,Men,All
1954,4.0,4.4,4.8,5.1,5.2,5.1,5.1,5.4,5.5,5.4,4.8,4.5,20 years and over,Men,All
1955,4.3,4.1,4.1,4.4,3.6,3.5,3.4,3.5,3.2,3.5,3.4,3.4,20 years and over,Men,All
1956,3.4,3.3,3.4,3.2,3.5,3.5,3.4,3.3,3.3,3.1,3.5,3.6,20 years and over,Men,All
1957,3.4,3.3,3.0,3.3,3.3,3.5,3.4,3.4,3.8,4.0,4.5,4.7,20 years and over,Men,All
1958,5.2,5.7,6.2,6.7,6.9,6.9,7.0,6.9,6.4,6.1,5.7,5.6,20 years and over,Men,All
1959,5.3,5.3,4.8,4.2,4.2,4.2,4.3,4.3,4.8,4.8,5.3,4.3,20 years and over,Men,All
1960,4.4,4.1,4.6,4.4,4.3,4.5,4.7,4.9,4.9,5.2,5.4,5.7,20 years and over,Men,All
1961,5.8,5.9,5.9,6.1,6.3,5.8,6.0,5.8,5.6,5.4,5.2,5.0,20 years and over,Men,All
1962,4.7,4.5,4.6,4.7,4.6,4.7,4.6,4.7,4.6,4.4,4.6,4.6,20 years and over,Men,All
1963,4.7,4.9,4.7,4.5,4.5,4.3,4.3,4.2,4.1,4.2,4.4,4.3,20 years and over,Men,All
1964,4.3,4.1,4.0,3.9,3.7,3.9,3.7,3.7,3.8,3.9,3.5,3.6,20 years and over,Men,All
1965,3.6,3.6,3.4,3.5,3.4,3.1,3.1,3.1,3.0,2.8,2.7,2.7,20 years and over,Men,All
1966,2.7,2.6,2.6,2.5,2.4,2.5,2.5,2.5,2.4,2.3,2.4,2.5,20 years and over,Men,All
1967,2.3,2.3,2.4,2.4,2.4,2.4,2.3,2.3,2.2,2.3,2.3,2.4,20 years and over,Men,All
1968,2.3,2.4,2.3,2.1,2.1,2.2,2.1,2.2,2.1,2.1,2.0,1.9,20 years and over,Men,All
1969,2.0,2.0,1.9,2.0,2.0,2.0,2.1,2.1,2.3,2.3,2.2,2.3,20 years and over,Men,All
1970,2.5,2.8,2.9,3.2,3.3,3.4,3.7,3.7,3.9,4.0,4.3,4.6,20 years and over,Men,All
1971,4.4,4.4,4.3,4.3,4.4,4.3,4.3,4.5,4.4,4.2,4.5,4.5,20 years and over,Men,All
1972,4.3,4.1,4.2,4.1,4.1,4.0,4.0,3.9,3.8,3.9,3.6,3.5,20 years and over,Men,All
1973,3.4,3.4,3.4,3.4,3.4,3.3,3.1,3.2,3.1,2.9,3.1,3.2,20 years and over,Men,All
1974,3.5,3.6,3.4,3.5,3.4,3.5,3.6,3.8,3.9,4.2,4.6,5.3,20 years and over,Men,All
1975,6.1,6.3,6.8,7.1,7.3,7.1,7.0,6.7,6.9,6.8,6.8,6.5,20 years and over,Men,All
1976,6.1,5.9,5.8,5.8,5.7,6.1,6.0,5.8,5.9,5.8,6.1,6.1,20 years and over,Men,All
1977,5.8,5.9,5.5,5.3,5.4,5.2,5.1,5.1,4.7,5.0,4.8,4.6,20 years and over,Men,All
1978,4.7,4.6,4.6,4.3,4.2,4.0,4.1,4.1,4.1,4.1,4.0,4.2,20 years and over,Men,All
1979,4.1,4.1,4.1,4.1,3.8,4.0,4.1,4.2,4.2,4.3,4.4,4.3,20 years and over,Men,All
1980,4.8,4.8,5.1,5.8,6.4,6.5,6.8,6.7,6.6,6.3,6.3,5.9,20 years and over,Men,All
1981,6.1,6.1,6.0,5.9,6.2,6.2,5.9,6.1,6.2,6.7,7.0,7.5,20 years and over,Men,All
1982,7.6,7.7,8.0,8.2,8.3,8.7,8.9,9.0,9.5,9.8,10.0,10.1,20 years and over,Men,All
1983,9.7,9.9,9.7,9.7,9.6,9.1,8.8,8.7,8.5,8.2,7.8,7.5,20 years and over,Men,All
1984,7.2,7.0,6.8,6.9,6.5,6.3,6.5,6.5,6.4,6.2,6.2,6.3,20 years and over,Men,All
1985,6.3,6.2,6.2,6.3,6.0,6.4,6.2,6.1,6.1,6.1,6.0,6.0,20 years and over,Men,All
1986,5.7,6.2,6.2,6.1,6.3,6.3,6.3,6.0,6.3,6.2,6.1,6.0,20 years and over,Men,All
1987,5.9,5.8,5.7,5.5,5.6,5.6,5.4,5.3,5.1,5.1,5.0,4.9,20 years and over,Men,All
1988,4.9,4.9,4.9,4.6,4.9,4.7,4.6,4.9,4.6,4.7,4.7,4.7,20 years and over,Men,All
1989,4.6,4.5,4.3,4.5,4.3,4.4,4.4,4.5,4.7,4.6,4.7,4.6,20 years and over,Men,All
1990,4.7,4.5,4.6,4.8,4.7,4.7,4.9,5.1,5.2,5.4,5.7,5.8,20 years and over,Men,All
1991,5.8,6.2,6.4,6.4,6.4,6.5,6.5,6.5,6.6,6.5,6.6,6.8,20 years and over,Men,All
1992,7.1,7.1,7.0,7.1,7.3,7.4,7.2,7.2,7.1,7.1,7.0,6.8,20 years and over,Men,All
1993,6.7,6.6,6.8,6.6,6.5,6.6,6.5,6.3,6.3,6.2,5.9,5.9,20 years and over,Men,All
1994,6.0,6.0,5.8,5.6,5.3,5.3,5.5,5.4,5.1,5.1,4.9,4.7,20 years and over,Men,All
1995,4.9,4.6,4.7,4.9,5.0,4.8,4.8,4.9,4.8,4.6,4.9,4.9,20 years and over,Men,All
1996,4.8,4.9,4.9,4.9,4.8,4.6,4.6,4.2,4.5,4.3,4.5,4.3,20 years and over,Men,All
1997,4.5,4.4,4.4,4.3,4.0,4.2,4.0,4.0,4.0,4.0,3.9,4.1,20 years and over,Men,All
1998,3.8,3.7,3.9,3.5,3.6,3.7,3.9,3.7,3.8,3.6,3.5,3.6,20 years and over,Men,All
1999,3.4,3.7,3.2,3.4,3.6,3.5,3.6,3.6,3.4,3.5,3.3,3.3,20 years and over,Men,All
2000,3.3,3.5,3.2,3.1,3.3,3.2,3.3,3.3,3.3,3.3,3.4,3.4,20 years and over,Men,All
2001,3.6,3.7,3.8,3.9,3.9,4.0,4.1,4.4,4.3,4.8,5.0,5.1,20 years and over,Men,All
2002,5.2,5.2,5.2,5.4,5.2,5.3,5.3,5.2,5.2,5.3,5.5,5.6,20 years and over,Men,All
2003,5.6,5.5,5.4,5.7,5.8,6.0,5.9,5.8,5.7,5.6,5.6,5.2,20 years and over,Men,All
2004,5.2,5.1,5.2,5.1,5.2,5.1,5.0,5.0,5.0,4.9,4.9,4.8,20 years and over,Men,All
2005,4.7,4.8,4.6,4.4,4.3,4.3,4.2,4.3,4.5,4.3,4.3,4.3,20 years and over,Men,All
2006,4.1,4.2,4.1,4.2,4.2,4.0,4.1,4.1,3.7,3.9,4.0,3.9,20 years and over,Men,All
2007,4.2,4.2,4.0,4.0,4.0,4.0,4.2,4.1,4.2,4.3,4.2,4.4,20 years and over,Men,All
2008,4.5,4.4,4.6,4.6,4.9,5.1,5.4,5.7,6.1,6.3,6.7,7.4,20 years and over,Men,All
2009,7.9,8.5,9.0,9.5,9.8,9.9,9.8,10.0,10.1,10.4,10.3,10.1,20 years and over,Men,All
2010,10.2,10.3,10.2,10.2,9.7,9.7,9.6,9.6,9.6,9.4,9.9,9.4,20 years and over,Men,All
2011,9.0,8.9,8.8,8.9,8.8,9.0,8.8,8.7,8.7,8.6,8.2,8.0,20 years and over,Men,All
2012,7.7,7.7,7.7,7.6,7.7,7.7,7.7,7.6,7.3,7.2,7.2,7.2,20 years and over,Men,All
2013,7.5,7.0,6.9,7.1,7.1,7.0,7.0,7.1,7.1,6.9,6.6,6.3,20 years and over,Men,All
2014,6.2,6.3,6.1,5.9,5.8,5.7,5.7,5.7,5.4,5.1,5.4,5.3,20 years and over,Men,All
2015,5.3,5.2,5.1,5.0,5.0,4.8,4.8,4.7,4.7,4.7,4.7,4.7,20 years and over,Men,All
2016,4.5,4.5,4.5,4.6,4.3,4.5,4.6,4.5,4.7,4.6,4.3,,20 years and over,Men,All
1948,2.8,3.9,3.9,3.7,3.4,3.7,3.7,4.0,3.7,3.6,3.4,3.8,20 years and over,Women,All
1949,3.8,4.1,4.0,4.8,5.4,5.5,6.1,6.2,5.9,5.9,5.6,5.9,20 years and over,Women,All
1950,6.3,6.1,5.9,5.1,5.2,5.6,5.0,4.2,4.5,4.3,4.7,4.4,20 years and over,Women,All
1951,4.2,4.1,4.4,4.0,4.0,3.9,3.6,3.4,4.1,4.2,4.1,3.8,20 years and over,Women,All
1952,3.4,3.5,3.1,3.3,3.4,3.1,3.2,3.3,2.9,3.3,3.0,2.7,20 years and over,Women,All
1953,2.6,2.5,2.9,2.6,2.4,2.5,2.5,2.7,3.1,3.1,3.4,4.5,20 years and over,Women,All
1954,5.2,5.3,5.9,5.9,5.8,5.8,5.8,5.7,5.9,5.1,5.3,4.7,20 years and over,Women,All
1955,4.9,4.5,4.3,4.2,4.2,4.3,4.2,4.4,4.4,4.6,4.2,4.3,20 years and over,Women,All
1956,3.9,3.6,4.3,4.2,4.4,4.3,5.1,4.3,4.1,4.1,4.3,4.3,20 years and over,Women,All
1957,4.3,3.9,3.8,3.6,4.1,4.2,4.2,4.1,4.2,4.2,4.6,4.4,20 years and over,Women,All
1958,5.3,6.1,6.1,6.8,6.6,6.5,6.4,6.6,6.3,6.0,5.3,5.6,20 years and over,Women,All
1959,5.7,5.6,5.5,5.2,5.0,4.9,5.0,4.8,4.9,5.3,4.9,5.1,20 years and over,Women,All
1960,4.8,4.5,5.0,4.8,4.7,5.0,5.2,5.1,4.8,5.5,5.8,6.1,20 years and over,Women,All
1961,5.9,6.5,6.5,6.7,6.7,6.8,6.7,6.0,6.2,6.3,5.7,5.8,20 years and over,Women,All
1962,5.8,5.2,5.3,5.2,5.2,5.2,5.3,5.6,5.6,5.3,5.4,5.3,20 years and over,Women,All
1963,5.4,5.5,5.2,5.3,5.5,5.3,5.4,5.4,5.5,5.4,5.5,5.4,20 years and over,Women,All
1964,5.6,5.6,5.6,5.4,5.2,5.1,5.0,4.9,4.9,4.9,5.0,4.8,20 years and over,Women,All
1965,4.6,5.1,4.7,4.6,4.5,4.7,4.3,4.4,4.1,4.1,4.3,4.0,20 years and over,Women,All
1966,3.9,3.7,3.7,3.7,4.1,3.7,3.7,3.8,3.6,3.8,3.6,3.9,20 years and over,Women,All
1967,4.5,4.1,4.3,4.1,4.1,4.2,4.1,3.8,4.4,4.6,4.2,4.2,20 years and over,Women,All
1968,4.1,4.1,3.9,3.7,3.7,3.7,3.8,3.7,3.5,3.6,3.7,3.6,20 years and over,Women,All
1969,3.7,3.7,3.6,3.8,3.6,3.8,3.6,3.8,3.9,3.9,3.7,3.5,20 years and over,Women,All
1970,3.7,4.1,4.6,4.4,4.8,4.6,4.8,4.8,5.1,5.2,5.6,5.7,20 years and over,Women,All
1971,5.7,5.7,5.9,5.9,5.8,5.7,5.6,5.9,5.7,5.7,5.8,5.7,20 years and over,Women,All
1972,5.5,5.1,5.5,5.4,5.7,5.6,5.7,5.6,5.5,5.6,5.1,5.0,20 years and over,Women,All
1973,5.1,4.9,4.9,4.8,4.6,5.0,4.9,5.0,4.9,4.5,4.8,5.0,20 years and over,Women,All
1974,5.1,5.0,5.0,4.9,5.0,5.2,5.3,5.4,5.9,5.7,6.6,7.0,20 years and over,Women,All
1975,8.0,7.9,8.3,8.5,8.5,8.2,8.0,7.9,7.7,7.9,7.8,7.8,20 years and over,Women,All
1976,7.7,7.5,7.3,7.4,6.9,7.2,7.6,7.6,7.5,7.5,7.5,7.3,20 years and over,Women,All
1977,7.1,7.3,7.4,7.1,6.6,7.1,6.9,7.0,6.9,6.7,7.0,6.5,20 years and over,Women,All
1978,6.4,5.9,6.0,6.0,6.0,6.1,6.4,6.0,6.0,5.6,5.9,5.8,20 years and over,Women,All
1979,5.8,5.9,5.8,5.7,5.6,5.7,5.5,6.0,5.6,5.7,5.6,5.7,20 years and over,Women,All
1980,5.8,5.9,5.7,6.3,6.4,6.5,6.6,6.7,6.3,6.7,6.7,6.7,20 years and over,Women,All
1981,6.7,6.6,6.6,6.5,6.7,6.7,6.7,6.7,7.0,7.1,7.2,7.4,20 years and over,Women,All
1982,7.3,7.7,7.9,8.2,8.1,8.1,8.3,8.3,8.4,8.7,9.1,9.3,20 years and over,Women,All
1983,9.0,8.9,8.8,8.4,8.4,8.7,7.9,7.9,7.7,7.5,7.2,7.3,20 years and over,Women,All
1984,7.1,6.9,6.9,6.9,6.7,6.5,6.8,6.9,6.5,6.9,6.6,6.6,20 years and over,Women,All
1985,6.7,6.6,6.7,6.8,6.8,6.7,6.7,6.7,6.6,6.4,6.4,6.3,20 years and over,Women,All
1986,6.1,6.6,6.6,6.5,6.4,6.4,6.2,6.1,6.1,6.1,6.0,5.7,20 years and over,Women,All
1987,5.8,5.8,5.9,5.6,5.4,5.3,5.3,5.3,5.3,5.2,5.2,5.1,20 years and over,Women,All
1988,5.1,5.2,4.9,4.9,4.9,4.8,5.0,4.8,4.8,4.7,4.7,4.6,20 years and over,Women,All
1989,4.7,4.5,4.6,4.7,4.8,4.8,4.9,4.7,4.6,4.8,4.7,4.8,20 years and over,Women,All
1990,4.7,4.7,4.7,4.8,4.7,4.6,4.9,5.0,5.1,5.1,5.2,5.2,20 years and over,Women,All
1991,5.4,5.5,5.6,5.5,6.0,5.8,5.5,5.7,5.7,5.9,6.0,6.1,20 years and over,Women,All
1992,6.0,6.2,6.2,6.3,6.3,6.4,6.5,6.5,6.4,6.2,6.2,6.5,20 years and over,Women,All
1993,6.3,6.1,5.8,6.1,6.0,6.0,5.9,5.8,5.8,5.9,5.8,5.8,20 years and over,Women,All
1994,5.8,5.7,5.8,5.6,5.4,5.4,5.2,5.3,5.3,5.0,5.1,4.8,20 years and over,Women,All
1995,4.9,4.8,4.8,5.2,4.8,5.0,5.0,5.0,4.9,5.0,4.8,4.8,20 years and over,Women,All
1996,5.0,4.8,4.7,4.8,4.9,4.7,4.9,4.7,4.6,4.8,4.8,5.1,20 years and over,Women,All
1997,4.6,4.7,4.6,4.4,4.5,4.4,4.2,4.3,4.4,4.2,4.0,4.2,20 years and over,Women,All
1998,4.3,4.3,4.2,4.0,3.9,4.0,3.9,4.0,4.0,4.1,4.0,3.9,20 years and over,Women,All
1999,3.8,3.9,3.9,4.0,3.6,3.8,3.9,3.7,3.7,3.5,3.6,3.6,20 years and over,Women,All
2000,3.7,3.6,3.7,3.5,3.7,3.7,3.7,3.8,3.5,3.3,3.4,3.3,20 years and over,Women,All
2001,3.6,3.7,3.6,3.7,3.8,3.9,3.9,4.3,4.4,4.7,4.8,5.1,20 years and over,Women,All
2002,4.9,5.0,5.0,5.3,5.2,5.1,5.1,5.0,4.9,5.1,5.0,5.1,20 years and over,Women,All
2003,4.9,5.1,5.1,5.1,5.2,5.2,5.1,5.2,5.3,5.1,5.0,5.1,20 years and over,Women,All
2004,5.1,4.9,5.3,4.9,4.8,5.0,4.8,4.7,4.6,4.7,4.7,4.6,20 years and over,Women,All
2005,4.7,4.7,4.6,4.6,4.7,4.6,4.6,4.4,4.6,4.5,4.6,4.4,20 years and over,Women,All
2006,4.3,4.3,4.2,4.3,4.1,4.1,4.2,4.1,4.2,3.9,4.0,3.9,20 years and over,Women,All
2007,4.0,3.8,3.8,3.9,3.8,3.9,4.2,4.1,4.1,4.1,4.2,4.4,20 years and over,Women,All
2008,4.3,4.2,4.5,4.2,4.6,4.7,4.7,5.4,5.0,5.4,5.7,5.9,20 years and over,Women,All
2009,6.5,6.8,7.1,7.1,7.5,7.6,7.7,7.7,7.9,8.0,7.9,8.0,20 years and over,Women,All
2010,7.9,8.0,8.1,8.3,8.1,7.7,7.9,8.0,8.0,8.0,8.4,8.0,20 years and over,Women,All
2011,7.9,7.9,7.8,8.0,8.0,8.0,7.9,7.9,8.2,7.8,7.8,7.8,20 years and over,Women,All
2012,7.6,7.6,7.4,7.4,7.4,7.4,7.4,7.3,7.1,7.1,7.0,7.3,20 years and over,Women,All
2013,7.2,7.0,6.9,6.7,6.5,6.8,6.3,6.2,6.2,6.3,6.2,6.1,20 years and over,Women,All
2014,5.9,5.9,6.2,5.6,5.7,5.4,5.6,5.6,5.5,5.4,5.2,5.0,20 years and over,Women,All
2015,5.0,4.9,4.9,4.9,5.0,4.7,4.9,4.7,4.5,4.5,4.6,4.4,20 years and over,Women,All
2016,4.5,4.5,4.6,4.5,4.2,4.5,4.3,4.5,4.4,4.3,4.2,,20 years and over,Women,All
1954,4.5,4.9,5.0,5.5,5.3,5.0,5.3,5.6,5.9,5.1,4.7,4.4,All,All,White
1955,4.5,4.1,4.0,4.3,3.8,3.7,3.6,3.6,3.6,3.7,3.6,3.7,All,All,White
1956,3.5,3.6,3.7,3.6,3.8,3.7,3.8,3.4,3.5,3.4,3.8,3.8,All,All,White
1957,3.8,3.6,3.4,3.5,3.6,3.7,3.7,3.7,3.9,4.0,4.6,4.7,All,All,White
1958,5.2,5.7,5.9,6.7,6.7,6.6,6.8,6.7,6.4,6.0,5.5,5.5,All,All,White
1959,5.3,5.2,4.9,4.7,4.5,4.4,4.5,4.6,4.9,5.0,5.3,4.7,All,All,White
1960,4.6,4.3,4.8,4.6,4.6,4.8,4.9,5.1,5.1,5.5,5.5,5.9,All,All,White
1961,5.9,6.2,6.2,6.2,6.3,6.2,6.3,5.9,5.9,5.7,5.4,5.3,All,All,White
1962,5.1,4.8,4.8,4.7,4.8,4.8,4.8,5.0,5.0,4.8,5.0,4.8,All,All,White
1963,5.0,5.3,5.0,5.1,5.2,4.9,5.1,4.8,4.8,4.8,5.0,5.0,All,All,White
1964,5.0,4.9,4.9,4.8,4.5,4.7,4.3,4.4,4.5,4.6,4.3,4.5,All,All,White
1965,4.3,4.5,4.3,4.4,4.2,4.2,3.9,4.0,3.8,3.8,3.7,3.6,All,All,White
1966,3.5,3.4,3.4,3.3,3.5,3.4,3.3,3.3,3.2,3.3,3.2,3.3,All,All,White
1967,3.4,3.3,3.3,3.4,3.3,3.5,3.3,3.4,3.3,3.5,3.5,3.4,All,All,White
1968,3.3,3.4,3.2,3.1,3.1,3.4,3.2,3.2,3.1,3.0,3.0,3.0,All,All,White
1969,3.0,3.0,3.0,3.0,3.0,3.1,3.2,3.1,3.4,3.4,3.2,3.3,All,All,White
1970,3.6,3.8,4.0,4.1,4.4,4.5,4.6,4.7,5.0,5.2,5.4,5.6,All,All,White
1971,5.5,5.3,5.5,5.4,5.4,5.5,5.5,5.6,5.4,5.4,5.6,5.4,All,All,White
1972,5.2,5.1,5.2,5.3,5.1,5.1,5.1,5.1,5.0,5.1,4.7,4.6,All,All,White
1973,4.5,4.5,4.4,4.5,4.3,4.3,4.2,4.3,4.3,4.1,4.3,4.4,All,All,White
1974,4.6,4.6,4.5,4.5,4.6,4.8,4.9,5.0,5.4,5.4,6.0,6.4,All,All,White
1975,7.4,7.4,7.8,8.0,8.4,8.1,8.0,7.7,7.7,7.7,7.6,7.4,All,All,White
1976,7.2,6.9,6.9,6.9,6.7,6.9,7.1,7.1,7.0,7.0,7.1,7.0,All,All,White
1977,6.8,6.9,6.7,6.4,6.3,6.4,6.0,6.0,6.0,5.9,5.8,5.5,All,All,White
1978,5.5,5.5,5.4,5.3,5.2,5.0,5.3,5.1,5.2,5.0,5.0,5.2,All,All,White
1979,5.1,5.1,5.1,5.0,4.8,4.9,4.9,5.3,5.2,5.2,5.2,5.2,All,All,White
1980,5.5,5.5,5.6,6.1,6.6,6.7,6.9,6.9,6.6,6.6,6.5,6.3,All,All,White
1981,6.7,6.6,6.5,6.4,6.6,6.5,6.3,6.3,6.6,6.9,7.3,7.5,All,All,White
1982,7.6,7.8,8.0,8.3,8.2,8.5,8.7,8.7,9.0,9.2,9.6,9.7,All,All,White
1983,9.1,9.3,9.1,8.9,8.8,8.7,8.2,8.2,8.0,7.7,7.4,7.1,All,All,White
1984,6.9,6.8,6.7,6.7,6.4,6.2,6.3,6.4,6.4,6.3,6.2,6.3,All,All,White
1985,6.3,6.2,6.2,6.3,6.2,6.5,6.4,6.2,6.1,6.1,5.9,6.0,All,All,White
1986,5.7,6.3,6.2,6.1,6.2,6.2,6.1,5.9,6.0,6.0,6.0,5.8,All,All,White
1987,5.7,5.7,5.7,5.4,5.4,5.4,5.2,5.1,5.1,5.2,5.0,4.9,All,All,White
1988,5.0,4.9,4.8,4.6,4.7,4.6,4.7,4.8,4.8,4.7,4.6,4.6,All,All,White
1989,4.6,4.3,4.2,4.5,4.4,4.5,4.5,4.5,4.5,4.5,4.6,4.6,All,All,White
1990,4.6,4.6,4.5,4.7,4.6,4.5,4.7,4.9,5.0,5.1,5.3,5.4,All,All,White
1991,5.6,5.8,6.0,5.9,6.1,6.2,6.2,6.2,6.2,6.2,6.3,6.5,All,All,White
1992,6.4,6.5,6.5,6.5,6.6,6.9,6.7,6.7,6.7,6.5,6.5,6.5,All,All,White
1993,6.3,6.2,6.1,6.1,6.2,6.2,6.1,6.0,5.9,6.2,5.7,5.8,All,All,White
1994,5.7,5.7,5.7,5.6,5.2,5.3,5.3,5.2,5.1,5.0,4.8,4.8,All,All,White
1995,4.8,4.7,4.7,5.0,5.0,4.9,4.9,4.9,4.9,4.9,5.0,4.9,All,All,White
1996,4.9,4.8,4.8,4.8,4.9,4.6,4.7,4.4,4.5,4.5,4.6,4.6,All,All,White
1997,4.5,4.5,4.4,4.3,4.1,4.2,4.2,4.2,4.2,4.1,3.9,3.9,All,All,White
1998,4.0,3.9,4.0,3.7,3.8,3.9,3.8,3.9,3.9,3.9,3.8,3.8,All,All,White
1999,3.8,3.8,3.6,3.8,3.7,3.8,3.7,3.7,3.6,3.5,3.5,3.5,All,All,White
2000,3.4,3.6,3.5,3.4,3.5,3.4,3.5,3.6,3.5,3.4,3.5,3.5,All,All,White
2001,3.6,3.7,3.7,3.9,3.8,4.0,4.0,4.3,4.3,4.7,4.9,5.1,All,All,White
2002,5.1,5.0,5.0,5.2,5.1,5.1,5.2,5.1,5.1,5.1,5.1,5.1,All,All,White
2003,5.2,5.1,5.1,5.3,5.4,5.5,5.4,5.4,5.3,5.1,5.2,5.0,All,All,White
2004,5.0,4.9,5.1,5.0,4.9,5.0,4.7,4.7,4.6,4.6,4.6,4.5,All,All,White
2005,4.5,4.6,4.5,4.4,4.4,4.3,4.2,4.2,4.4,4.4,4.3,4.2,All,All,White
2006,4.1,4.1,4.0,4.1,4.1,4.1,4.1,4.1,3.9,3.9,4.0,3.9,All,All,White
2007,4.2,4.1,3.8,4.0,3.9,4.1,4.2,4.2,4.2,4.1,4.2,4.4,All,All,White
2008,4.4,4.4,4.5,4.4,4.8,5.0,5.2,5.4,5.4,5.9,6.2,6.7,All,All,White
2009,7.1,7.6,8.0,8.1,8.5,8.7,8.7,8.9,8.9,9.2,9.2,9.0,All,All,White
2010,8.8,8.9,8.9,9.0,8.7,8.6,8.5,8.6,8.6,8.6,8.9,8.5,All,All,White
2011,8.1,8.1,8.0,8.1,7.9,8.1,8.0,7.9,7.9,7.9,7.7,7.5,All,All,White
2012,7.4,7.4,7.3,7.4,7.4,7.3,7.3,7.2,7.0,6.9,6.8,6.9,All,All,White
2013,7.0,6.8,6.7,6.7,6.7,6.6,6.5,6.4,6.3,6.3,6.1,5.9,All,All,White
2014,5.7,5.8,5.7,5.3,5.4,5.3,5.3,5.3,5.1,4.9,5.0,4.8,All,All,White
2015,4.9,4.7,4.7,4.7,4.7,4.6,4.6,4.4,4.4,4.4,4.4,4.5,All,All,White
2016,4.3,4.3,4.3,4.3,4.1,4.4,4.3,4.4,4.4,4.3,4.2,,All,All,White
1972,11.2,11.2,10.7,9.8,10.2,10.2,10.5,10.6,10.4,10.6,10.0,9.4,All,All,Black
1973,9.1,9.5,9.4,9.9,9.6,9.8,9.8,9.2,9.7,8.8,9.3,9.0,All,All,Black
1974,9.5,9.8,9.8,9.5,9.7,10.1,10.4,9.9,10.8,11.5,12.4,13.1,All,All,Black
1975,14.1,14.4,15.1,15.3,15.1,15.0,14.1,15.2,15.4,14.9,14.6,14.5,All,All,Black
1976,14.3,14.4,13.5,13.8,13.2,14.3,13.9,14.3,13.7,13.9,14.0,14.1,All,All,Black
1977,13.8,14.2,13.9,12.8,13.5,13.9,13.9,15.1,14.5,14.5,14.7,13.6,All,All,Black
1978,13.9,13.1,13.1,12.9,13.0,12.8,13.0,12.3,11.9,11.8,12.7,12.4,All,All,Black
1979,12.4,13.1,12.5,12.9,12.4,12.2,12.1,12.4,11.7,12.3,11.9,12.2,All,All,Black
1980,13.0,12.9,12.9,13.8,14.4,14.6,15.3,14.6,14.8,15.1,15.1,15.0,All,All,Black
1981,14.6,14.7,15.1,14.7,14.8,15.7,15.0,16.3,15.9,16.7,16.8,17.2,All,All,Black
1982,17.3,17.7,18.1,18.2,18.5,18.5,18.8,18.9,19.7,20.1,20.2,20.9,All,All,Black
1983,21.2,19.9,20.1,20.4,20.3,20.7,19.4,19.7,18.8,18.2,17.5,17.8,All,All,Black
1984,17.3,16.2,16.6,16.5,15.7,15.6,16.7,16.0,15.0,15.3,15.0,15.2,All,All,Black
1985,15.2,15.8,15.1,15.1,15.2,14.4,15.2,14.3,15.2,15.0,15.6,15.0,All,All,Black
1986,14.5,14.4,14.6,14.8,14.6,15.1,14.4,14.8,14.9,14.6,14.3,13.7,All,All,Black
1987,14.0,13.8,13.8,12.9,13.6,12.9,12.9,12.6,12.6,12.3,12.1,12.1,All,All,Black
1988,12.0,12.4,12.7,12.2,12.3,11.5,11.6,11.4,11.0,11.1,11.0,11.3,All,All,Black
1989,11.8,11.9,11.1,11.1,11.2,11.7,11.0,11.1,11.7,11.7,11.7,11.6,All,All,Black
1990,11.1,11.0,10.9,10.7,10.6,10.5,11.4,11.7,12.1,12.1,12.4,12.4,All,All,Black
1991,11.9,12.2,12.5,12.7,12.8,12.5,11.9,12.4,12.3,13.3,12.5,12.9,All,All,Black
1992,13.5,14.2,14.1,14.1,14.7,14.6,14.4,14.2,13.9,14.3,14.1,14.3,All,All,Black
1993,14.1,13.5,13.7,14.0,13.1,13.4,12.7,12.3,12.5,11.8,12.6,11.7,All,All,Black
1994,13.1,12.8,12.4,11.9,11.7,11.3,10.9,11.2,10.6,11.3,10.8,9.9,All,All,Black
1995,10.3,10.1,9.7,10.7,10.0,10.7,10.9,11.1,11.1,10.0,9.7,10.2,All,All,Black
1996,10.6,10.0,10.6,10.7,10.2,10.4,10.6,10.6,10.6,10.7,10.6,10.5,All,All,Black
1997,10.8,10.7,10.5,10.2,10.3,10.8,9.5,9.4,9.5,9.5,9.5,10.0,All,All,Black
1998,9.4,9.3,9.2,9.1,8.9,8.8,9.5,8.8,9.1,8.6,8.6,7.7,All,All,Black
1999,7.8,8.2,8.0,7.8,7.4,7.7,8.7,7.7,8.5,8.4,8.0,7.8,All,All,Black
2000,8.2,8.1,7.4,7.0,7.7,7.8,7.7,7.9,7.3,7.3,7.3,7.4,All,All,Black
2001,8.2,7.7,8.3,8.0,7.9,8.3,8.0,9.1,8.9,9.5,9.8,10.1,All,All,Black
2002,10.0,9.9,10.5,10.7,10.2,10.5,9.8,9.8,9.7,9.8,10.7,11.3,All,All,Black
2003,10.5,10.7,10.3,10.9,10.9,11.5,10.9,10.9,11.1,11.4,10.2,10.1,All,All,Black
2004,10.4,9.7,10.3,9.8,10.1,10.2,11.0,10.5,10.3,10.8,10.7,10.7,All,All,Black
2005,10.6,10.9,10.5,10.3,10.1,10.2,9.2,9.7,9.4,9.1,10.6,9.2,All,All,Black
2006,8.9,9.5,9.5,9.4,8.7,8.9,9.5,8.8,9.0,8.4,8.5,8.3,All,All,Black
2007,7.9,8.0,8.4,8.3,8.3,8.5,8.1,7.6,8.0,8.5,8.5,9.0,All,All,Black
2008,9.1,8.4,9.2,8.6,9.6,9.4,10.0,10.6,11.3,11.4,11.5,12.1,All,All,Black
2009,12.7,13.7,13.7,15.0,15.0,14.8,14.8,14.8,15.3,15.8,15.7,16.1,All,All,Black
2010,16.5,16.1,16.8,16.6,15.5,15.2,15.6,15.9,16.0,15.6,16.2,15.5,All,All,Black
2011,15.8,15.5,15.8,16.5,16.3,16.2,15.9,16.4,15.9,14.6,15.6,15.4,All,All,Black
2012,13.6,14.0,14.0,13.3,13.5,14.4,14.2,13.8,13.6,14.1,13.3,13.9,All,All,Black
2013,13.8,13.9,13.0,13.2,13.4,13.9,12.6,12.9,13.1,12.9,12.3,11.8,All,All,Black
2014,12.1,11.9,12.2,11.5,11.4,10.8,11.6,11.5,11.0,10.8,10.9,10.4,All,All,Black
2015,10.3,10.3,10.0,9.6,10.2,9.5,9.1,9.4,9.2,9.2,9.4,8.3,All,All,Black
2016,8.8,8.8,9.0,8.8,8.2,8.6,8.4,8.1,8.3,8.6,8.1,,All,All,Black
2003,5.5,5.8,6.5,6.0,5.5,7.4,5.9,6.0,6.4,6.2,5.2,5.4,All,All,Asian
2004,5.0,4.5,4.3,4.7,4.6,4.6,3.9,3.7,4.5,4.9,4.1,4.2,All,All,Asian
2005,4.1,4.3,3.9,4.2,4.2,3.6,4.8,3.7,4.3,3.2,3.6,3.8,All,All,Asian
2006,3.0,3.0,3.5,3.9,3.3,3.1,2.4,3.0,3.0,2.8,3.1,2.5,All,All,Asian
2007,3.1,2.6,3.0,3.5,3.2,2.7,2.7,3.5,3.4,3.8,3.6,3.7,All,All,Asian
2008,3.1,2.9,3.6,3.5,4.1,4.2,3.7,4.5,4.0,3.9,4.8,5.1,All,All,Asian
2009,6.1,6.7,6.5,6.8,7.0,7.9,8.1,7.6,7.6,7.6,7.2,8.4,All,All,Asian
2010,8.3,8.2,7.6,7.0,7.8,7.4,7.9,7.3,6.6,7.2,7.5,7.2,All,All,Asian
2011,6.8,6.7,7.3,6.5,7.2,6.5,7.4,7.2,8.0,7.4,6.4,6.8,All,All,Asian
2012,6.6,6.2,6.4,5.3,5.5,6.0,5.9,6.0,5.0,4.9,6.3,6.6,All,All,Asian
2013,6.4,6.0,5.1,5.3,4.5,4.7,5.4,5.2,5.4,5.3,5.2,4.1,All,All,Asian
2014,4.8,5.9,5.5,5.8,5.6,4.8,4.2,4.6,4.5,5.0,4.7,4.2,All,All,Asian
2015,4.0,4.0,3.2,4.4,4.1,3.8,4.0,3.5,3.7,3.5,3.9,4.0,All,All,Asian
2016,3.7,3.8,4.0,3.8,4.1,3.5,3.8,4.2,3.9,3.4,3.0,,All,All,Asian
1973,,,7.3,7.9,8.1,7.9,7.2,7.4,7.7,8.0,8.1,7.6,All,All,Hispanic
1974,7.6,7.8,7.6,7.0,7.3,8.6,8.8,8.1,8.1,8.2,8.6,9.1,All,All,Hispanic
1975,10.7,11.2,12.1,12.4,14.3,11.7,11.6,12.1,12.7,13.0,12.4,12.1,All,All,Hispanic
1976,11.4,10.7,11.0,11.7,10.5,11.1,11.7,12.4,11.8,11.6,11.7,11.7,All,All,Hispanic
1977,11.2,11.4,11.2,9.6,9.9,10.1,9.5,9.4,9.7,9.4,9.3,8.8,All,All,Hispanic
1978,9.3,9.9,9.5,8.5,9.6,9.1,9.5,9.1,8.9,8.5,8.4,8.7,All,All,Hispanic
1979,8.2,7.7,7.9,8.2,7.9,8.4,8.1,8.7,7.6,8.7,9.2,9.1,All,All,Hispanic
1980,8.7,8.9,9.2,10.4,10.1,10.1,10.8,10.8,11.4,10.6,9.9,10.3,All,All,Hispanic
1981,10.6,11.3,10.2,9.5,10.0,10.3,10.0,10.0,9.6,10.7,11.2,11.7,All,All,Hispanic
1982,11.7,12.1,12.2,12.9,13.9,13.8,14.2,14.8,14.4,15.0,15.2,15.7,All,All,Hispanic
1983,15.3,15.5,15.6,14.8,14.0,14.3,12.4,13.0,12.9,12.1,12.3,11.6,All,All,Hispanic
1984,11.4,10.4,11.5,11.6,10.6,10.3,10.4,10.7,10.5,10.8,10.2,10.4,All,All,Hispanic
1985,10.5,9.8,10.5,10.4,10.6,10.7,11.2,10.4,10.4,11.1,10.6,10.5,All,All,Hispanic
1986,10.2,11.9,10.7,10.3,10.8,10.6,10.7,10.9,11.1,10.4,9.3,10.5,All,All,Hispanic
1987,10.6,9.8,9.3,8.9,8.6,8.5,8.1,7.9,8.3,8.4,8.8,8.1,All,All,Hispanic
1988,7.6,8.5,8.4,8.8,8.8,8.8,7.9,8.1,7.4,7.8,7.9,7.6,All,All,Hispanic
1989,8.6,7.0,6.6,8.1,7.9,8.2,8.8,8.8,8.1,8.0,7.9,8.3,All,All,Hispanic
1990,7.3,7.5,7.4,8.5,7.9,7.7,8.0,8.3,8.3,8.5,8.9,9.9,All,All,Hispanic
1991,9.1,9.2,9.8,9.8,10.0,10.1,9.6,10.5,10.9,10.7,10.4,10.2,All,All,Hispanic
1992,11.0,11.3,11.2,11.0,11.7,12.1,11.7,11.7,11.8,11.8,12.0,11.5,All,All,Hispanic
1993,11.3,11.5,11.3,11.0,10.2,10.4,10.7,9.8,10.0,11.4,10.5,10.6,All,All,Hispanic
1994,10.5,10.1,9.9,10.8,9.6,10.3,10.1,9.8,10.1,9.5,8.9,9.3,All,All,Hispanic
1995,10.2,9.0,8.9,8.9,9.8,9.1,8.8,9.6,9.1,9.4,9.5,9.3,All,All,Hispanic
1996,9.4,9.6,9.6,9.6,9.6,8.8,8.8,8.8,8.2,8.0,8.5,7.4,All,All,Hispanic
1997,8.4,8.2,8.3,8.2,7.7,7.5,7.9,7.2,7.4,7.8,7.0,7.3,All,All,Hispanic
1998,7.1,6.9,6.9,6.7,6.9,7.4,7.3,7.4,7.3,7.2,7.1,7.7,All,All,Hispanic
1999,6.7,6.7,5.8,7.0,6.7,6.6,6.5,6.5,6.7,6.4,6.0,5.8,All,All,Hispanic
2000,5.6,5.7,6.1,5.5,5.8,5.6,5.8,5.9,5.8,5.1,6.0,5.7,All,All,Hispanic
2001,5.8,6.1,6.2,6.4,6.3,6.6,6.2,6.5,6.7,7.1,7.3,7.7,All,All,Hispanic
2002,7.8,7.0,7.5,8.0,7.1,7.4,7.4,7.5,7.4,7.9,7.8,7.9,All,All,Hispanic
2003,7.9,7.7,7.8,7.6,8.0,8.3,8.0,7.7,7.3,7.5,7.4,6.7,All,All,Hispanic
2004,7.3,7.4,7.6,7.1,6.9,6.6,6.8,6.8,6.8,6.8,6.7,6.6,All,All,Hispanic
2005,6.0,6.3,5.8,6.4,6.0,5.7,5.5,5.8,6.4,6.0,6.1,6.1,All,All,Hispanic
2006,5.5,5.4,5.2,5.5,5.0,5.2,5.2,5.3,5.5,4.8,5.1,5.0,All,All,Hispanic
2007,5.5,5.1,5.0,5.6,5.8,5.5,5.9,5.5,5.9,5.7,5.9,6.3,All,All,Hispanic
2008,6.3,6.2,6.9,7.1,6.9,7.6,7.5,8.0,8.0,8.8,8.7,9.4,All,All,Hispanic
2009,10.1,11.3,11.7,11.4,12.3,12.1,12.5,13.0,12.6,12.8,12.4,12.8,All,All,Hispanic
2010,12.9,12.7,12.9,12.5,12.0,12.3,12.2,12.0,12.3,12.3,12.9,12.9,All,All,Hispanic
2011,12.3,11.8,11.6,11.9,11.6,11.5,11.2,11.2,11.2,11.3,11.2,11.1,All,All,Hispanic
2012,10.6,10.8,10.5,10.4,10.8,10.9,10.1,10.1,9.8,10.0,9.9,9.7,All,All,Hispanic
2013,9.7,9.7,9.2,9.1,9.0,9.0,9.3,9.2,9.0,9.1,8.7,8.4,All,All,Hispanic
2014,8.3,8.1,7.9,7.4,7.7,7.6,7.6,7.4,7.0,6.8,6.6,6.5,All,All,Hispanic
2015,6.7,6.7,6.8,6.9,6.7,6.6,6.8,6.6,6.4,6.4,6.4,6.3,All,All,Hispanic
2016,5.9,5.4,5.6,6.1,5.6,5.8,5.4,5.6,6.4,5.7,5.7,,All,All,Hispanic
